{"segedunum": {"name": "Segedunum Roman Fort", "pts": [[430100.1951862869, 565977.6222589444], [430101.98121773166, 565979.4370531914], [430103.3539870534, 565981.8055086212], [430103.9232579055, 565982.7997660367], [430104.8884926009, 565985.8220780086], [430103.94903941423, 565991.3689459002], [430055.2489530055, 566104.5544691146], [430053.1092260758, 566106.8326451804], [430049.82538751554, 566107.9569268621], [430047.20828882104, 566107.9394255108], [429952.19656808325, 566065.4727618495], [429948.7865010028, 566061.532773163], [429947.3323239449, 566057.9285507052], [429947.5452244209, 566055.7487683137], [429954.93983575434, 566040.8078621866], [429970.3648913753, 566008.6823541294], [430002.63568852516, 565941.6477078525], [430005.100562464, 565940.517922247], [430008.86533748085, 565940.2203333791], [430012.79106175265, 565940.7362088128], [430100.1951862869, 565977.6222589444]], "bearing": 132, "centroid_off_m": 22}, "cilurnum": {"name": "Cilurnum", "pts": [[391199.5715366443, 570066.28580198], [391197.2724800758, 570064.3095484637], [391194.8917550777, 570063.0567992419], [391192.7939001788, 570062.5935967268], [391191.3292462085, 570062.2737992008], [391188.6377695479, 570062.2791726701], [391146.38349152106, 570080.2024265775], [391129.3338915306, 570086.9025229288], [391110.38839763356, 570094.9864136185], [391103.2723055462, 570097.838472632], [391081.0821200505, 570107.3423256736], [391078.4004602632, 570109.0281208203], [391077.0571866798, 570111.82404265], [391076.83907952916, 570114.617689871], [391114.1857990851, 570196.557998299], [391115.7594438609, 570200.2271732597], [391121.73929296, 570214.181171591], [391142.81450976443, 570264.1160765211], [391144.2432681851, 570265.6934295552], [391147.4159997338, 570266.6440984852], [391150.10639369383, 570266.160184509], [391196.784600885, 570249.1629056889], [391214.0309715242, 570242.017539113], [391217.6719654069, 570240.5524816077], [391256.75218392466, 570224.8618448286], [391259.6002528266, 570223.2759815289], [391261.0211581198, 570220.9028364272], [391260.2228261705, 570218.0666981427], [391240.50788646063, 570163.6438361316], [391234.84183856414, 570149.8114689171], [391233.6277156493, 570146.8648784702], [391218.8391604831, 570110.705017093], [391216.24516257545, 570105.0681265425], [391199.5715366443, 570066.28580198]], "bearing": 17, "centroid_off_m": 208}, "vercovicium": {"name": "Vercovicium", "pts": [[379044.6023980569, 568871.949923292], [379043.6641974893, 568870.9861693871], [379040.23852818937, 568870.0563940261], [379023.0903541435, 568866.6317784913], [379018.78895754146, 568865.7840488928], [379004.3095358648, 568862.8031828275], [379000.58403181075, 568862.0306513144], [378996.68565658486, 568861.2144254635], [378988.85687520436, 568859.5710067981], [378985.40655267314, 568858.8417017226], [378983.67156215035, 568858.4270186404], [378957.42295193556, 568852.2301683477], [378929.49464327097, 568846.5088230126], [378883.6173491778, 568837.1225424251], [378881.1242095967, 568835.9658926687], [378879.07183910604, 568832.0139120922], [378878.308211929, 568828.7680328547], [378883.4452754322, 568803.5711044489], [378894.4945502406, 568749.3787928274], [378896.7945196813, 568738.1170262315], [378900.73471050255, 568731.5436825459], [378909.24089954764, 568730.3348555691], [378943.9635682299, 568737.8267177243], [378944.4471634783, 568737.3125202499], [378946.23519840493, 568735.4122217498], [378947.7432249035, 568733.8025886819], [378956.83863706887, 568739.535210162], [378957.4838204024, 568740.7340294247], [379071.73967232043, 568765.3452394898], [379073.76025624847, 568766.6488882822], [379075.8067771066, 568769.3879845369], [379077.0811841254, 568772.4868237847], [379077.0728708521, 568777.516917144], [379062.48318764404, 568844.9015027164], [379061.45612499706, 568849.5135119001], [379058.02464850305, 568865.0093280899], [379054.81466599664, 568869.1419664463], [379050.0482405607, 568871.3901032938], [379044.6023980569, 568871.949923292]], "bearing": 61, "centroid_off_m": 123}, "vindolanda": {"name": "Vindolanda Fort", "pts": [[376693.4170967062, 566386.7968311525], [376662.63794670487, 566381.482807855], [376674.0066988264, 566333.5598212272], [376757.99235777353, 566340.465533104], [376759.56333421404, 566334.9710141971], [376781.3943049323, 566258.6718560087], [376873.99662156525, 566277.2085731289], [376904.13634834025, 566246.738316501], [376954.7659791809, 566197.844797501], [377046.79467693844, 566148.437851508], [377118.70919469785, 566181.6311606398], [377178.05485277576, 566230.937205175], [377158.2171426866, 566271.7912210798], [377148.2985684677, 566302.8459154959], [377135.7115942965, 566340.0683568125], [377126.8676524933, 566356.0496875761], [377091.5211095229, 566460.3601374711], [377085.0636332796, 566479.968279851], [377070.1818465854, 566480.1339075022], [377039.4022317265, 566468.3071675267], [377008.6118821234, 566454.4330610622], [376988.97611345944, 566441.0022955376], [376977.11076772335, 566436.7791706391], [376954.10828140454, 566435.5293460494], [376945.60871868924, 566435.0614291588], [376904.6114709955, 566422.2647002697], [376899.44837426185, 566419.8877351544], [376898.9792603362, 566417.030159577], [376896.35018267087, 566415.9309535803], [376893.72110370576, 566414.8317491245], [376887.44225131144, 566416.9230908689], [376873.74301351735, 566411.9752794771], [376819.12052719935, 566403.6347083086], [376775.7141856867, 566398.9309435281], [376759.2766052872, 566396.5127890632], [376719.1368878456, 566392.4824906328], [376706.7403312523, 566390.7556276758], [376693.4170967062, 566386.7968311525]], "bearing": 97, "centroid_off_m": 99}, "aesica": {"name": null, "pts": [[370950.52830474614, 566830.2985571085], [371026.9970881514, 566844.0454385293], [371102.1793730336, 566866.6714341103], [371092.05058062426, 566909.9493578989], [371051.05664058565, 567059.2715430062], [371036.52119804855, 567095.7119057497], [370877.9642447565, 567054.8793516393], [370892.13971026876, 566985.0439505789], [370925.15836827573, 566879.0624539282], [370939.3817285771, 566838.9402156434], [370950.52830474614, 566830.2985571085]], "bearing": 179, "centroid_off_m": 393}, "banna": {"name": "Birdoswald Roman Fort", "pts": [[361465.90647681785, 566322.0817257684], [361474.611005035, 566336.3850216081], [361546.4940917939, 566352.3803759078], [361581.2037380857, 566357.0448762077], [361588.8781220538, 566351.3364965309], [361592.16349549644, 566343.4735241641], [361637.82280931174, 566203.8480489673], [361636.1482992957, 566199.6223616725], [361632.1659507206, 566194.9157186636], [361528.9467095618, 566161.4385053014], [361523.62176557275, 566162.8309993112], [361519.089015388, 566166.2977595573], [361494.87577905727, 566242.8503681838], [361465.90647681785, 566322.0817257684]], "bearing": 161, "centroid_off_m": 36}, "maia": {"name": "Bowness-on-Solway Roman Fort", "pts": [[322221.7917406341, 562625.1482316721], [322218.04973470926, 562625.8365883619], [322215.0067294518, 562630.2526973286], [322175.8416036708, 562743.0638773909], [322178.0293205422, 562745.4634439438], [322356.6070238943, 562801.943683807], [322359.1771132349, 562802.0215264503], [322360.73126904975, 562800.4028780444], [322398.0451184333, 562682.5610715823], [322397.0550915032, 562679.7733186182], [322221.7917406341, 562625.1482316721]], "bearing": 57, "centroid_off_m": 202}}